Entity,Year,CO2 concentration - Region: global,CO2 concentration - Region: global (Annotations)
SSP1 - 1.9,2005,379.85,Sustainability - Taking the Green Road
SSP1 - 1.9,2010,390.5053,Sustainability - Taking the Green Road
SSP1 - 1.9,2020,412.14203,Sustainability - Taking the Green Road
SSP1 - 1.9,2030,424.68152,Sustainability - Taking the Green Road
SSP1 - 1.9,2040,425.52722,Sustainability - Taking the Green Road
SSP1 - 1.9,2050,420.4756,Sustainability - Taking the Green Road
SSP1 - 1.9,2060,413.8763,Sustainability - Taking the Green Road
SSP1 - 1.9,2070,406.7838,Sustainability - Taking the Green Road
SSP1 - 1.9,2080,398.62848,Sustainability - Taking the Green Road
SSP1 - 1.9,2090,389.0571,Sustainability - Taking the Green Road
SSP1 - 1.9,2100,377.8966,Sustainability - Taking the Green Road
SSP1 - 2.6,2005,379.85,Sustainability - Taking the Green Road
SSP1 - 2.6,2010,390.5053,Sustainability - Taking the Green Road
SSP1 - 2.6,2020,414.5497,Sustainability - Taking the Green Road
SSP1 - 2.6,2030,436.54257,Sustainability - Taking the Green Road
SSP1 - 2.6,2040,452.2906,Sustainability - Taking the Green Road
SSP1 - 2.6,2050,460.69293,Sustainability - Taking the Green Road
SSP1 - 2.6,2060,462.90222,Sustainability - Taking the Green Road
SSP1 - 2.6,2070,460.64246,Sustainability - Taking the Green Road
SSP1 - 2.6,2080,453.86206,Sustainability - Taking the Green Road
SSP1 - 2.6,2090,443.09073,Sustainability - Taking the Green Road
SSP1 - 2.6,2100,432.17145,Sustainability - Taking the Green Road
SSP1 - 3.4,2005,379.85,Sustainability - Taking the Green Road
SSP1 - 3.4,2010,390.5053,Sustainability - Taking the Green Road
SSP1 - 3.4,2020,415.14108,Sustainability - Taking the Green Road
SSP1 - 3.4,2030,440.29617,Sustainability - Taking the Green Road
SSP1 - 3.4,2040,463.85944,Sustainability - Taking the Green Road
SSP1 - 3.4,2050,484.02374,Sustainability - Taking the Green Road
SSP1 - 3.4,2060,499.883,Sustainability - Taking the Green Road
SSP1 - 3.4,2070,510.17355,Sustainability - Taking the Green Road
SSP1 - 3.4,2080,512.5219,Sustainability - Taking the Green Road
SSP1 - 3.4,2090,505.94104,Sustainability - Taking the Green Road
SSP1 - 3.4,2100,494.1748,Sustainability - Taking the Green Road
SSP1 - 4.5,2005,379.85,Sustainability - Taking the Green Road
SSP1 - 4.5,2010,390.5053,Sustainability - Taking the Green Road
SSP1 - 4.5,2020,415.24664,Sustainability - Taking the Green Road
SSP1 - 4.5,2030,441.26874,Sustainability - Taking the Green Road
SSP1 - 4.5,2040,467.45898,Sustainability - Taking the Green Road
SSP1 - 4.5,2050,492.67368,Sustainability - Taking the Green Road
SSP1 - 4.5,2060,516.06287,Sustainability - Taking the Green Road
SSP1 - 4.5,2070,536.3393,Sustainability - Taking the Green Road
SSP1 - 4.5,2080,551.1038,Sustainability - Taking the Green Road
SSP1 - 4.5,2090,559.82806,Sustainability - Taking the Green Road
SSP1 - 4.5,2100,563.6224,Sustainability - Taking the Green Road
SSP1 - Baseline,2005,379.85,Sustainability - Taking the Green Road
SSP1 - Baseline,2010,390.5053,Sustainability - Taking the Green Road
SSP1 - Baseline,2020,415.34735,Sustainability - Taking the Green Road
SSP1 - Baseline,2030,442.30164,Sustainability - Taking the Green Road
SSP1 - Baseline,2040,470.47845,Sustainability - Taking the Green Road
SSP1 - Baseline,2050,498.17383,Sustainability - Taking the Green Road
SSP1 - Baseline,2060,524.97614,Sustainability - Taking the Green Road
SSP1 - Baseline,2070,550.82837,Sustainability - Taking the Green Road
SSP1 - Baseline,2080,573.5107,Sustainability - Taking the Green Road
SSP1 - Baseline,2090,592.2589,Sustainability - Taking the Green Road
SSP1 - Baseline,2100,608.35425,Sustainability - Taking the Green Road
SSP2 - 1.9,2005,379.85,Middle of the Road
SSP2 - 1.9,2010,390.5053,Middle of the Road
SSP2 - 1.9,2020,414.0699,Middle of the Road
SSP2 - 1.9,2030,429.84384,Middle of the Road
SSP2 - 1.9,2040,433.50085,Middle of the Road
SSP2 - 1.9,2050,430.85544,Middle of the Road
SSP2 - 1.9,2060,424.58502,Middle of the Road
SSP2 - 1.9,2070,415.42993,Middle of the Road
SSP2 - 1.9,2080,404.04504,Middle of the Road
SSP2 - 1.9,2090,391.99628,Middle of the Road
SSP2 - 1.9,2100,380.6867,Middle of the Road
SSP2 - 2.6,2005,379.85,Middle of the Road
SSP2 - 2.6,2010,390.5053,Middle of the Road
SSP2 - 2.6,2020,413.94843,Middle of the Road
SSP2 - 2.6,2030,434.80582,Middle of the Road
SSP2 - 2.6,2040,449.92435,Middle of the Road
SSP2 - 2.6,2050,458.165,Middle of the Road
SSP2 - 2.6,2060,459.93488,Middle of the Road
SSP2 - 2.6,2070,456.46628,Middle of the Road
SSP2 - 2.6,2080,448.56287,Middle of the Road
SSP2 - 2.6,2090,438.79877,Middle of the Road
SSP2 - 2.6,2100,429.04846,Middle of the Road
SSP2 - 3.4,2005,379.85,Middle of the Road
SSP2 - 3.4,2010,390.5053,Middle of the Road
SSP2 - 3.4,2020,414.43857,Middle of the Road
SSP2 - 3.4,2030,439.28268,Middle of the Road
SSP2 - 3.4,2040,463.04535,Middle of the Road
SSP2 - 3.4,2050,483.2405,Middle of the Road
SSP2 - 3.4,2060,497.49075,Middle of the Road
SSP2 - 3.4,2070,504.2789,Middle of the Road
SSP2 - 3.4,2080,504.77832,Middle of the Road
SSP2 - 3.4,2090,500.7113,Middle of the Road
SSP2 - 3.4,2100,494.15005,Middle of the Road
SSP2 - 4.5,2005,379.85,Middle of the Road
SSP2 - 4.5,2010,390.5053,Middle of the Road
SSP2 - 4.5,2020,414.72296,Middle of the Road
SSP2 - 4.5,2030,440.92053,Middle of the Road
SSP2 - 4.5,2040,468.53036,Middle of the Road
SSP2 - 4.5,2050,496.06613,Middle of the Road
SSP2 - 4.5,2060,521.32355,Middle of the Road
SSP2 - 4.5,2070,542.5851,Middle of the Road
SSP2 - 4.5,2080,558.1323,Middle of the Road
SSP2 - 4.5,2090,565.6875,Middle of the Road
SSP2 - 4.5,2100,566.85913,Middle of the Road
SSP2 - 6.0,2005,379.85,Middle of the Road
SSP2 - 6.0,2010,390.5053,Middle of the Road
SSP2 - 6.0,2020,414.77374,Middle of the Road
SSP2 - 6.0,2030,441.83823,Middle of the Road
SSP2 - 6.0,2040,472.56943,Middle of the Road
SSP2 - 6.0,2050,506.96155,Middle of the Road
SSP2 - 6.0,2060,544.09045,Middle of the Road
SSP2 - 6.0,2070,582.67804,Middle of the Road
SSP2 - 6.0,2080,622.368,Middle of the Road
SSP2 - 6.0,2090,663.0393,Middle of the Road
SSP2 - 6.0,2100,704.27203,Middle of the Road
SSP2 - Baseline,2005,379.85,Middle of the Road
SSP2 - Baseline,2010,390.5053,Middle of the Road
SSP2 - Baseline,2020,414.70853,Middle of the Road
SSP2 - Baseline,2030,442.00146,Middle of the Road
SSP2 - Baseline,2040,474.01465,Middle of the Road
SSP2 - Baseline,2050,511.3055,Middle of the Road
SSP2 - Baseline,2060,553.62775,Middle of the Road
SSP2 - Baseline,2070,600.7577,Middle of the Road
SSP2 - Baseline,2080,655.1408,Middle of the Road
SSP2 - Baseline,2090,718.6013,Middle of the Road
SSP2 - Baseline,2100,789.84924,Middle of the Road
SSP3 - 3.4,2005,379.85,Regional Rivalry - A Rocky Road
SSP3 - 3.4,2010,390.5053,Regional Rivalry - A Rocky Road
SSP3 - 3.4,2020,417.0736,Regional Rivalry - A Rocky Road
SSP3 - 3.4,2030,447.32654,Regional Rivalry - A Rocky Road
SSP3 - 3.4,2040,470.7605,Regional Rivalry - A Rocky Road
SSP3 - 3.4,2050,483.41998,Regional Rivalry - A Rocky Road
SSP3 - 3.4,2060,490.4725,Regional Rivalry - A Rocky Road
SSP3 - 3.4,2070,492.76022,Regional Rivalry - A Rocky Road
SSP3 - 3.4,2080,490.72217,Regional Rivalry - A Rocky Road
SSP3 - 3.4,2090,485.81128,Regional Rivalry - A Rocky Road
SSP3 - 3.4,2100,479.13278,Regional Rivalry - A Rocky Road
SSP3 - 4.5,2005,379.85,Regional Rivalry - A Rocky Road
SSP3 - 4.5,2010,390.5053,Regional Rivalry - A Rocky Road
SSP3 - 4.5,2020,417.07413,Regional Rivalry - A Rocky Road
SSP3 - 4.5,2030,448.44305,Regional Rivalry - A Rocky Road
SSP3 - 4.5,2040,477.96088,Regional Rivalry - A Rocky Road
SSP3 - 4.5,2050,501.49054,Regional Rivalry - A Rocky Road
SSP3 - 4.5,2060,517.6443,Regional Rivalry - A Rocky Road
SSP3 - 4.5,2070,527.0577,Regional Rivalry - A Rocky Road
SSP3 - 4.5,2080,533.9179,Regional Rivalry - A Rocky Road
SSP3 - 4.5,2090,538.5743,Regional Rivalry - A Rocky Road
SSP3 - 4.5,2100,540.1797,Regional Rivalry - A Rocky Road
SSP3 - 6.0,2005,379.85,Regional Rivalry - A Rocky Road
SSP3 - 6.0,2010,390.5053,Regional Rivalry - A Rocky Road
SSP3 - 6.0,2020,417.0743,Regional Rivalry - A Rocky Road
SSP3 - 6.0,2030,448.55313,Regional Rivalry - A Rocky Road
SSP3 - 6.0,2040,480.627,Regional Rivalry - A Rocky Road
SSP3 - 6.0,2050,511.4254,Regional Rivalry - A Rocky Road
SSP3 - 6.0,2060,542.94867,Regional Rivalry - A Rocky Road
SSP3 - 6.0,2070,573.50183,Regional Rivalry - A Rocky Road
SSP3 - 6.0,2080,599.94464,Regional Rivalry - A Rocky Road
SSP3 - 6.0,2090,623.12854,Regional Rivalry - A Rocky Road
SSP3 - 6.0,2100,645.05646,Regional Rivalry - A Rocky Road
SSP3 - Baseline,2005,379.85,Regional Rivalry - A Rocky Road
SSP3 - Baseline,2010,390.5053,Regional Rivalry - A Rocky Road
SSP3 - Baseline,2020,417.88876,Regional Rivalry - A Rocky Road
SSP3 - Baseline,2030,451.99728,Regional Rivalry - A Rocky Road
SSP3 - Baseline,2040,491.2553,Regional Rivalry - A Rocky Road
SSP3 - Baseline,2050,535.2207,Regional Rivalry - A Rocky Road
SSP3 - Baseline,2060,583.6923,Regional Rivalry - A Rocky Road
SSP3 - Baseline,2070,636.942,Regional Rivalry - A Rocky Road
SSP3 - Baseline,2080,695.6742,Regional Rivalry - A Rocky Road
SSP3 - Baseline,2090,760.99225,Regional Rivalry - A Rocky Road
SSP3 - Baseline,2100,834.3412,Regional Rivalry - A Rocky Road
SSP4 - 2.6,2010,390.5053,Inequality - A Road Divided
SSP4 - 2.6,2020,415.24533,Inequality - A Road Divided
SSP4 - 2.6,2030,433.12256,Inequality - A Road Divided
SSP4 - 2.6,2040,440.35083,Inequality - A Road Divided
SSP4 - 2.6,2050,444.12308,Inequality - A Road Divided
SSP4 - 2.6,2060,445.20657,Inequality - A Road Divided
SSP4 - 2.6,2070,442.356,Inequality - A Road Divided
SSP4 - 2.6,2080,433.2123,Inequality - A Road Divided
SSP4 - 2.6,2090,417.61453,Inequality - A Road Divided
SSP4 - 2.6,2100,397.15942,Inequality - A Road Divided
SSP4 - 3.4,2010,390.5053,Inequality - A Road Divided
SSP4 - 3.4,2020,415.24533,Inequality - A Road Divided
SSP4 - 3.4,2030,438.41174,Inequality - A Road Divided
SSP4 - 3.4,2040,455.5431,Inequality - A Road Divided
SSP4 - 3.4,2050,466.39102,Inequality - A Road Divided
SSP4 - 3.4,2060,472.57806,Inequality - A Road Divided
SSP4 - 3.4,2070,476.0988,Inequality - A Road Divided
SSP4 - 3.4,2080,475.60303,Inequality - A Road Divided
SSP4 - 3.4,2090,468.5495,Inequality - A Road Divided
SSP4 - 3.4,2100,454.8193,Inequality - A Road Divided
SSP4 - 4.5,2010,390.5053,Inequality - A Road Divided
SSP4 - 4.5,2020,415.24533,Inequality - A Road Divided
SSP4 - 4.5,2030,440.5192,Inequality - A Road Divided
SSP4 - 4.5,2040,463.4998,Inequality - A Road Divided
SSP4 - 4.5,2050,481.64142,Inequality - A Road Divided
SSP4 - 4.5,2060,493.56412,Inequality - A Road Divided
SSP4 - 4.5,2070,500.91898,Inequality - A Road Divided
SSP4 - 4.5,2080,505.1717,Inequality - A Road Divided
SSP4 - 4.5,2090,508.5128,Inequality - A Road Divided
SSP4 - 4.5,2100,511.88242,Inequality - A Road Divided
SSP4 - 6.0,2010,390.5053,Inequality - A Road Divided
SSP4 - 6.0,2020,415.24533,Inequality - A Road Divided
SSP4 - 6.0,2030,443.71887,Inequality - A Road Divided
SSP4 - 6.0,2040,475.63715,Inequality - A Road Divided
SSP4 - 6.0,2050,508.4056,Inequality - A Road Divided
SSP4 - 6.0,2060,540.5294,Inequality - A Road Divided
SSP4 - 6.0,2070,571.1252,Inequality - A Road Divided
SSP4 - 6.0,2080,597.51086,Inequality - A Road Divided
SSP4 - 6.0,2090,617.5458,Inequality - A Road Divided
SSP4 - 6.0,2100,631.47406,Inequality - A Road Divided
SSP4 - Baseline,2005,379.85,Inequality - A Road Divided
SSP4 - Baseline,2010,390.5053,Inequality - A Road Divided
SSP4 - Baseline,2020,415.99597,Inequality - A Road Divided
SSP4 - Baseline,2030,446.6259,Inequality - A Road Divided
SSP4 - Baseline,2040,482.37497,Inequality - A Road Divided
SSP4 - Baseline,2050,520.9601,Inequality - A Road Divided
SSP4 - Baseline,2060,561.3776,Inequality - A Road Divided
SSP4 - Baseline,2070,602.93134,Inequality - A Road Divided
SSP4 - Baseline,2080,643.1318,Inequality - A Road Divided
SSP4 - Baseline,2090,681.1994,Inequality - A Road Divided
SSP4 - Baseline,2100,718.3727,Inequality - A Road Divided
SSP5 - 1.9,2005,379.85,Fossil-fueled Development - Taking the Highway
SSP5 - 1.9,2010,390.5053,Fossil-fueled Development - Taking the Highway
SSP5 - 1.9,2020,414.9077,Fossil-fueled Development - Taking the Highway
SSP5 - 1.9,2030,439.23462,Fossil-fueled Development - Taking the Highway
SSP5 - 1.9,2040,454.8986,Fossil-fueled Development - Taking the Highway
SSP5 - 1.9,2050,453.73672,Fossil-fueled Development - Taking the Highway
SSP5 - 1.9,2060,438.65967,Fossil-fueled Development - Taking the Highway
SSP5 - 1.9,2070,419.48615,Fossil-fueled Development - Taking the Highway
SSP5 - 1.9,2080,401.91946,Fossil-fueled Development - Taking the Highway
SSP5 - 1.9,2090,385.7025,Fossil-fueled Development - Taking the Highway
SSP5 - 1.9,2100,370.15143,Fossil-fueled Development - Taking the Highway
SSP5 - 2.6,2005,379.85,Fossil-fueled Development - Taking the Highway
SSP5 - 2.6,2010,390.5053,Fossil-fueled Development - Taking the Highway
SSP5 - 2.6,2020,414.8545,Fossil-fueled Development - Taking the Highway
SSP5 - 2.6,2030,441.72583,Fossil-fueled Development - Taking the Highway
SSP5 - 2.6,2040,467.4384,Fossil-fueled Development - Taking the Highway
SSP5 - 2.6,2050,484.08047,Fossil-fueled Development - Taking the Highway
SSP5 - 2.6,2060,486.78116,Fossil-fueled Development - Taking the Highway
SSP5 - 2.6,2070,477.7632,Fossil-fueled Development - Taking the Highway
SSP5 - 2.6,2080,463.0492,Fossil-fueled Development - Taking the Highway
SSP5 - 2.6,2090,445.67514,Fossil-fueled Development - Taking the Highway
SSP5 - 2.6,2100,427.61694,Fossil-fueled Development - Taking the Highway
SSP5 - 3.4,2005,379.85,Fossil-fueled Development - Taking the Highway
SSP5 - 3.4,2010,390.5053,Fossil-fueled Development - Taking the Highway
SSP5 - 3.4,2020,414.8492,Fossil-fueled Development - Taking the Highway
SSP5 - 3.4,2030,442.3492,Fossil-fueled Development - Taking the Highway
SSP5 - 3.4,2040,471.40906,Fossil-fueled Development - Taking the Highway
SSP5 - 3.4,2050,496.69913,Fossil-fueled Development - Taking the Highway
SSP5 - 3.4,2060,514.7885,Fossil-fueled Development - Taking the Highway
SSP5 - 3.4,2070,522.97327,Fossil-fueled Development - Taking the Highway
SSP5 - 3.4,2080,520.26526,Fossil-fueled Development - Taking the Highway
SSP5 - 3.4,2090,508.34985,Fossil-fueled Development - Taking the Highway
SSP5 - 3.4,2100,491.47595,Fossil-fueled Development - Taking the Highway
SSP5 - 4.5,2005,379.85,Fossil-fueled Development - Taking the Highway
SSP5 - 4.5,2010,390.5053,Fossil-fueled Development - Taking the Highway
SSP5 - 4.5,2020,414.84576,Fossil-fueled Development - Taking the Highway
SSP5 - 4.5,2030,442.56186,Fossil-fueled Development - Taking the Highway
SSP5 - 4.5,2040,473.0421,Fossil-fueled Development - Taking the Highway
SSP5 - 4.5,2050,502.38788,Fossil-fueled Development - Taking the Highway
SSP5 - 4.5,2060,527.4181,Fossil-fueled Development - Taking the Highway
SSP5 - 4.5,2070,546.07446,Fossil-fueled Development - Taking the Highway
SSP5 - 4.5,2080,559.1474,Fossil-fueled Development - Taking the Highway
SSP5 - 4.5,2090,567.6406,Fossil-fueled Development - Taking the Highway
SSP5 - 4.5,2100,573.7102,Fossil-fueled Development - Taking the Highway
SSP5 - 6.0,2005,379.85,Fossil-fueled Development - Taking the Highway
SSP5 - 6.0,2010,390.5053,Fossil-fueled Development - Taking the Highway
SSP5 - 6.0,2020,414.85416,Fossil-fueled Development - Taking the Highway
SSP5 - 6.0,2030,443.9563,Fossil-fueled Development - Taking the Highway
SSP5 - 6.0,2040,479.79913,Fossil-fueled Development - Taking the Highway
SSP5 - 6.0,2050,520.1116,Fossil-fueled Development - Taking the Highway
SSP5 - 6.0,2060,562.37115,Fossil-fueled Development - Taking the Highway
SSP5 - 6.0,2070,603.3297,Fossil-fueled Development - Taking the Highway
SSP5 - 6.0,2080,640.68463,Fossil-fueled Development - Taking the Highway
SSP5 - 6.0,2090,673.43726,Fossil-fueled Development - Taking the Highway
SSP5 - 6.0,2100,702.3926,Fossil-fueled Development - Taking the Highway
SSP5 - Baseline,2005,379.85,Fossil-fueled Development - Taking the Highway
SSP5 - Baseline,2010,390.5053,Fossil-fueled Development - Taking the Highway
SSP5 - Baseline,2020,417.24872,Fossil-fueled Development - Taking the Highway
SSP5 - Baseline,2030,452.76678,Fossil-fueled Development - Taking the Highway
SSP5 - Baseline,2040,499.67825,Fossil-fueled Development - Taking the Highway
SSP5 - Baseline,2050,559.69196,Fossil-fueled Development - Taking the Highway
SSP5 - Baseline,2060,635.79254,Fossil-fueled Development - Taking the Highway
SSP5 - Baseline,2070,730.0255,Fossil-fueled Development - Taking the Highway
SSP5 - Baseline,2080,841.52014,Fossil-fueled Development - Taking the Highway
SSP5 - Baseline,2090,963.84155,Fossil-fueled Development - Taking the Highway
SSP5 - Baseline,2100,1088.9702,Fossil-fueled Development - Taking the Highway