Entity,Year,Carbon intensity of economy - Region: global,Carbon intensity of economy - Region: global (Annotations)
SSP1 - 1.9,2005,0.57772684,Sustainability - Taking the Green Road
SSP1 - 1.9,2010,0.51837355,Sustainability - Taking the Green Road
SSP1 - 1.9,2020,0.3261671,Sustainability - Taking the Green Road
SSP1 - 1.9,2030,0.11528659,Sustainability - Taking the Green Road
SSP1 - 1.9,2040,0.028736897,Sustainability - Taking the Green Road
SSP1 - 1.9,2050,0.003323143,Sustainability - Taking the Green Road
SSP1 - 1.9,2060,-0.0046310364,Sustainability - Taking the Green Road
SSP1 - 1.9,2070,-0.00986647,Sustainability - Taking the Green Road
SSP1 - 1.9,2080,-0.015502541,Sustainability - Taking the Green Road
SSP1 - 1.9,2090,-0.02013373,Sustainability - Taking the Green Road
SSP1 - 1.9,2100,-0.025363792,Sustainability - Taking the Green Road
SSP1 - 2.6,2005,0.57772684,Sustainability - Taking the Green Road
SSP1 - 2.6,2010,0.5183734,Sustainability - Taking the Green Road
SSP1 - 2.6,2020,0.37705317,Sustainability - Taking the Green Road
SSP1 - 2.6,2030,0.21770857,Sustainability - Taking the Green Road
SSP1 - 2.6,2040,0.11606299,Sustainability - Taking the Green Road
SSP1 - 2.6,2050,0.06087487,Sustainability - Taking the Green Road
SSP1 - 2.6,2060,0.029654961,Sustainability - Taking the Green Road
SSP1 - 2.6,2070,0.011412694,Sustainability - Taking the Green Road
SSP1 - 2.6,2080,-0.0061458186,Sustainability - Taking the Green Road
SSP1 - 2.6,2090,-0.015429024,Sustainability - Taking the Green Road
SSP1 - 2.6,2100,-0.01476389,Sustainability - Taking the Green Road
SSP1 - 3.4,2005,0.57772684,Sustainability - Taking the Green Road
SSP1 - 3.4,2010,0.51837337,Sustainability - Taking the Green Road
SSP1 - 3.4,2020,0.3893206,Sustainability - Taking the Green Road
SSP1 - 3.4,2030,0.25248757,Sustainability - Taking the Green Road
SSP1 - 3.4,2040,0.1677593,Sustainability - Taking the Green Road
SSP1 - 3.4,2050,0.1131037,Sustainability - Taking the Green Road
SSP1 - 3.4,2060,0.07846269,Sustainability - Taking the Green Road
SSP1 - 3.4,2070,0.047254227,Sustainability - Taking the Green Road
SSP1 - 3.4,2080,0.01919016,Sustainability - Taking the Green Road
SSP1 - 3.4,2090,-0.004335193,Sustainability - Taking the Green Road
SSP1 - 3.4,2100,-0.0117007075,Sustainability - Taking the Green Road
SSP1 - 4.5,2005,0.57772684,Sustainability - Taking the Green Road
SSP1 - 4.5,2010,0.51837337,Sustainability - Taking the Green Road
SSP1 - 4.5,2020,0.39149436,Sustainability - Taking the Green Road
SSP1 - 4.5,2030,0.2627965,Sustainability - Taking the Green Road
SSP1 - 4.5,2040,0.18592937,Sustainability - Taking the Green Road
SSP1 - 4.5,2050,0.1373868,Sustainability - Taking the Green Road
SSP1 - 4.5,2060,0.10590974,Sustainability - Taking the Green Road
SSP1 - 4.5,2070,0.07708963,Sustainability - Taking the Green Road
SSP1 - 4.5,2080,0.05144018,Sustainability - Taking the Green Road
SSP1 - 4.5,2090,0.03297479,Sustainability - Taking the Green Road
SSP1 - 4.5,2100,0.019595418,Sustainability - Taking the Green Road
SSP1 - Baseline,2005,0.57772684,Sustainability - Taking the Green Road
SSP1 - Baseline,2010,0.51837337,Sustainability - Taking the Green Road
SSP1 - Baseline,2020,0.39354602,Sustainability - Taking the Green Road
SSP1 - Baseline,2030,0.2736729,Sustainability - Taking the Green Road
SSP1 - Baseline,2040,0.19614416,Sustainability - Taking the Green Road
SSP1 - Baseline,2050,0.14574169,Sustainability - Taking the Green Road
SSP1 - Baseline,2060,0.11676377,Sustainability - Taking the Green Road
SSP1 - Baseline,2070,0.09353293,Sustainability - Taking the Green Road
SSP1 - Baseline,2080,0.070237584,Sustainability - Taking the Green Road
SSP1 - Baseline,2090,0.05452416,Sustainability - Taking the Green Road
SSP1 - Baseline,2100,0.04353266,Sustainability - Taking the Green Road
SSP2 - 1.9,2005,0.66805893,Middle of the Road
SSP2 - 1.9,2010,0.5971866,Middle of the Road
SSP2 - 1.9,2020,0.4056727,Middle of the Road
SSP2 - 1.9,2030,0.1674013,Middle of the Road
SSP2 - 1.9,2040,0.06367682,Middle of the Road
SSP2 - 1.9,2050,0.016926127,Middle of the Road
SSP2 - 1.9,2060,-0.0056167967,Middle of the Road
SSP2 - 1.9,2070,-0.020357126,Middle of the Road
SSP2 - 1.9,2080,-0.02806462,Middle of the Road
SSP2 - 1.9,2090,-0.028310873,Middle of the Road
SSP2 - 1.9,2100,-0.025860632,Middle of the Road
SSP2 - 2.6,2005,0.66812223,Middle of the Road
SSP2 - 2.6,2010,0.59679466,Middle of the Road
SSP2 - 2.6,2020,0.40221968,Middle of the Road
SSP2 - 2.6,2030,0.2424605,Middle of the Road
SSP2 - 2.6,2040,0.1426059,Middle of the Road
SSP2 - 2.6,2050,0.07146318,Middle of the Road
SSP2 - 2.6,2060,0.03344177,Middle of the Road
SSP2 - 2.6,2070,0.006075714,Middle of the Road
SSP2 - 2.6,2080,-0.010372224,Middle of the Road
SSP2 - 2.6,2090,-0.014295816,Middle of the Road
SSP2 - 2.6,2100,-0.015926953,Middle of the Road
SSP2 - 3.4,2005,0.6681225,Middle of the Road
SSP2 - 3.4,2010,0.5967437,Middle of the Road
SSP2 - 3.4,2020,0.4120842,Middle of the Road
SSP2 - 3.4,2030,0.2941487,Middle of the Road
SSP2 - 3.4,2040,0.20615886,Middle of the Road
SSP2 - 3.4,2050,0.1416761,Middle of the Road
SSP2 - 3.4,2060,0.08722605,Middle of the Road
SSP2 - 3.4,2070,0.046152167,Middle of the Road
SSP2 - 3.4,2080,0.020215128,Middle of the Road
SSP2 - 3.4,2090,0.004044386,Middle of the Road
SSP2 - 3.4,2100,-0.0026659623,Middle of the Road
SSP2 - 4.5,2005,0.66812235,Middle of the Road
SSP2 - 4.5,2010,0.5967324,Middle of the Road
SSP2 - 4.5,2020,0.41779935,Middle of the Road
SSP2 - 4.5,2030,0.3103484,Middle of the Road
SSP2 - 4.5,2040,0.2395407,Middle of the Road
SSP2 - 4.5,2050,0.18555602,Middle of the Road
SSP2 - 4.5,2060,0.13955343,Middle of the Road
SSP2 - 4.5,2070,0.10185654,Middle of the Road
SSP2 - 4.5,2080,0.06513309,Middle of the Road
SSP2 - 4.5,2090,0.033438742,Middle of the Road
SSP2 - 4.5,2100,0.017029328,Middle of the Road
SSP2 - 6.0,2005,0.6681214,Middle of the Road
SSP2 - 6.0,2010,0.59670824,Middle of the Road
SSP2 - 6.0,2020,0.41875857,Middle of the Road
SSP2 - 6.0,2030,0.32245678,Middle of the Road
SSP2 - 6.0,2040,0.26653153,Middle of the Road
SSP2 - 6.0,2050,0.2274389,Middle of the Road
SSP2 - 6.0,2060,0.19499116,Middle of the Road
SSP2 - 6.0,2070,0.16497143,Middle of the Road
SSP2 - 6.0,2080,0.14062306,Middle of the Road
SSP2 - 6.0,2090,0.12085502,Middle of the Road
SSP2 - 6.0,2100,0.10294544,Middle of the Road
SSP2 - Baseline,2005,0.6680899,Middle of the Road
SSP2 - Baseline,2010,0.596703,Middle of the Road
SSP2 - Baseline,2020,0.41742936,Middle of the Road
SSP2 - Baseline,2030,0.3266069,Middle of the Road
SSP2 - Baseline,2040,0.2775218,Middle of the Road
SSP2 - Baseline,2050,0.24492685,Middle of the Road
SSP2 - Baseline,2060,0.2188909,Middle of the Road
SSP2 - Baseline,2070,0.19592482,Middle of the Road
SSP2 - Baseline,2080,0.18603253,Middle of the Road
SSP2 - Baseline,2090,0.17393793,Middle of the Road
SSP2 - Baseline,2100,0.15887086,Middle of the Road
SSP3 - 3.4,2005,0.6280855,Regional Rivalry - A Rocky Road
SSP3 - 3.4,2010,0.6079273,Regional Rivalry - A Rocky Road
SSP3 - 3.4,2020,0.47882265,Regional Rivalry - A Rocky Road
SSP3 - 3.4,2030,0.3713098,Regional Rivalry - A Rocky Road
SSP3 - 3.4,2040,0.21650225,Regional Rivalry - A Rocky Road
SSP3 - 3.4,2050,0.13775206,Regional Rivalry - A Rocky Road
SSP3 - 3.4,2060,0.09287264,Regional Rivalry - A Rocky Road
SSP3 - 3.4,2070,0.04874879,Regional Rivalry - A Rocky Road
SSP3 - 3.4,2080,0.01873981,Regional Rivalry - A Rocky Road
SSP3 - 3.4,2090,-0.0031759844,Regional Rivalry - A Rocky Road
SSP3 - 3.4,2100,-0.015933355,Regional Rivalry - A Rocky Road
SSP3 - 4.5,2005,0.6280855,Regional Rivalry - A Rocky Road
SSP3 - 4.5,2010,0.6079273,Regional Rivalry - A Rocky Road
SSP3 - 4.5,2020,0.47882265,Regional Rivalry - A Rocky Road
SSP3 - 4.5,2030,0.38849875,Regional Rivalry - A Rocky Road
SSP3 - 4.5,2040,0.28198016,Regional Rivalry - A Rocky Road
SSP3 - 4.5,2050,0.21543095,Regional Rivalry - A Rocky Road
SSP3 - 4.5,2060,0.1390524,Regional Rivalry - A Rocky Road
SSP3 - 4.5,2070,0.0990771,Regional Rivalry - A Rocky Road
SSP3 - 4.5,2080,0.07399903,Regional Rivalry - A Rocky Road
SSP3 - 4.5,2090,0.049013406,Regional Rivalry - A Rocky Road
SSP3 - 4.5,2100,0.025533095,Regional Rivalry - A Rocky Road
SSP3 - 6.0,2005,0.6280855,Regional Rivalry - A Rocky Road
SSP3 - 6.0,2010,0.6079273,Regional Rivalry - A Rocky Road
SSP3 - 6.0,2020,0.47882265,Regional Rivalry - A Rocky Road
SSP3 - 6.0,2030,0.39012852,Regional Rivalry - A Rocky Road
SSP3 - 6.0,2040,0.31346238,Regional Rivalry - A Rocky Road
SSP3 - 6.0,2050,0.2733937,Regional Rivalry - A Rocky Road
SSP3 - 6.0,2060,0.25638002,Regional Rivalry - A Rocky Road
SSP3 - 6.0,2070,0.21327929,Regional Rivalry - A Rocky Road
SSP3 - 6.0,2080,0.16966286,Regional Rivalry - A Rocky Road
SSP3 - 6.0,2090,0.14041539,Regional Rivalry - A Rocky Road
SSP3 - 6.0,2100,0.11947635,Regional Rivalry - A Rocky Road
SSP3 - Baseline,2005,0.6280855,Regional Rivalry - A Rocky Road
SSP3 - Baseline,2010,0.61038566,Regional Rivalry - A Rocky Road
SSP3 - Baseline,2020,0.49772912,Regional Rivalry - A Rocky Road
SSP3 - Baseline,2030,0.42177948,Regional Rivalry - A Rocky Road
SSP3 - Baseline,2040,0.38736233,Regional Rivalry - A Rocky Road
SSP3 - Baseline,2050,0.3685568,Regional Rivalry - A Rocky Road
SSP3 - Baseline,2060,0.35753822,Regional Rivalry - A Rocky Road
SSP3 - Baseline,2070,0.3453297,Regional Rivalry - A Rocky Road
SSP3 - Baseline,2080,0.3333045,Regional Rivalry - A Rocky Road
SSP3 - Baseline,2090,0.32433566,Regional Rivalry - A Rocky Road
SSP3 - Baseline,2100,0.3153015,Regional Rivalry - A Rocky Road
SSP4 - 2.6,2010,0.53446895,Inequality - A Road Divided
SSP4 - 2.6,2020,0.4011371,Inequality - A Road Divided
SSP4 - 2.6,2030,0.16834515,Inequality - A Road Divided
SSP4 - 2.6,2040,0.089492664,Inequality - A Road Divided
SSP4 - 2.6,2050,0.054248895,Inequality - A Road Divided
SSP4 - 2.6,2060,0.026504109,Inequality - A Road Divided
SSP4 - 2.6,2070,-0.00043715385,Inequality - A Road Divided
SSP4 - 2.6,2080,-0.03456679,Inequality - A Road Divided
SSP4 - 2.6,2090,-0.057817917,Inequality - A Road Divided
SSP4 - 2.6,2100,-0.078224674,Inequality - A Road Divided
SSP4 - 3.4,2010,0.53446895,Inequality - A Road Divided
SSP4 - 3.4,2020,0.40119988,Inequality - A Road Divided
SSP4 - 3.4,2030,0.24792987,Inequality - A Road Divided
SSP4 - 3.4,2040,0.1540336,Inequality - A Road Divided
SSP4 - 3.4,2050,0.09100179,Inequality - A Road Divided
SSP4 - 3.4,2060,0.058812425,Inequality - A Road Divided
SSP4 - 3.4,2070,0.036363937,Inequality - A Road Divided
SSP4 - 3.4,2080,0.009023128,Inequality - A Road Divided
SSP4 - 3.4,2090,-0.021589505,Inequality - A Road Divided
SSP4 - 3.4,2100,-0.045335107,Inequality - A Road Divided
SSP4 - 4.5,2010,0.53446895,Inequality - A Road Divided
SSP4 - 4.5,2020,0.40119985,Inequality - A Road Divided
SSP4 - 4.5,2030,0.2792916,Inequality - A Road Divided
SSP4 - 4.5,2040,0.20044541,Inequality - A Road Divided
SSP4 - 4.5,2050,0.13250914,Inequality - A Road Divided
SSP4 - 4.5,2060,0.0853665,Inequality - A Road Divided
SSP4 - 4.5,2070,0.05577007,Inequality - A Road Divided
SSP4 - 4.5,2080,0.035563637,Inequality - A Road Divided
SSP4 - 4.5,2090,0.029613025,Inequality - A Road Divided
SSP4 - 4.5,2100,0.021852331,Inequality - A Road Divided
SSP4 - 6.0,2010,0.53446895,Inequality - A Road Divided
SSP4 - 6.0,2020,0.40119985,Inequality - A Road Divided
SSP4 - 6.0,2030,0.32650927,Inequality - A Road Divided
SSP4 - 6.0,2040,0.26857677,Inequality - A Road Divided
SSP4 - 6.0,2050,0.22387771,Inequality - A Road Divided
SSP4 - 6.0,2060,0.18921928,Inequality - A Road Divided
SSP4 - 6.0,2070,0.15824291,Inequality - A Road Divided
SSP4 - 6.0,2080,0.11974063,Inequality - A Road Divided
SSP4 - 6.0,2090,0.086468846,Inequality - A Road Divided
SSP4 - 6.0,2100,0.058420412,Inequality - A Road Divided
SSP4 - Baseline,2005,0.5622465,Inequality - A Road Divided
SSP4 - Baseline,2010,0.5344692,Inequality - A Road Divided
SSP4 - Baseline,2020,0.41710037,Inequality - A Road Divided
SSP4 - Baseline,2030,0.34738508,Inequality - A Road Divided
SSP4 - Baseline,2040,0.29517436,Inequality - A Road Divided
SSP4 - Baseline,2050,0.25404352,Inequality - A Road Divided
SSP4 - Baseline,2060,0.22634362,Inequality - A Road Divided
SSP4 - Baseline,2070,0.19836946,Inequality - A Road Divided
SSP4 - Baseline,2080,0.16648148,Inequality - A Road Divided
SSP4 - Baseline,2090,0.14388697,Inequality - A Road Divided
SSP4 - Baseline,2100,0.12719627,Inequality - A Road Divided
SSP5 - 1.9,2005,0.622332,Fossil-fueled Development - Taking the Highway
SSP5 - 1.9,2010,0.53825665,Fossil-fueled Development - Taking the Highway
SSP5 - 1.9,2020,0.38959765,Fossil-fueled Development - Taking the Highway
SSP5 - 1.9,2030,0.23200245,Fossil-fueled Development - Taking the Highway
SSP5 - 1.9,2040,0.08978102,Fossil-fueled Development - Taking the Highway
SSP5 - 1.9,2050,0.0037056739,Fossil-fueled Development - Taking the Highway
SSP5 - 1.9,2060,-0.02914208,Fossil-fueled Development - Taking the Highway
SSP5 - 1.9,2070,-0.029017856,Fossil-fueled Development - Taking the Highway
SSP5 - 1.9,2080,-0.02611799,Fossil-fueled Development - Taking the Highway
SSP5 - 1.9,2090,-0.023870574,Fossil-fueled Development - Taking the Highway
SSP5 - 1.9,2100,-0.022195604,Fossil-fueled Development - Taking the Highway
SSP5 - 2.6,2005,0.621449,Fossil-fueled Development - Taking the Highway
SSP5 - 2.6,2010,0.53773874,Fossil-fueled Development - Taking the Highway
SSP5 - 2.6,2020,0.38823605,Fossil-fueled Development - Taking the Highway
SSP5 - 2.6,2030,0.26208043,Fossil-fueled Development - Taking the Highway
SSP5 - 2.6,2040,0.14939088,Fossil-fueled Development - Taking the Highway
SSP5 - 2.6,2050,0.07106164,Fossil-fueled Development - Taking the Highway
SSP5 - 2.6,2060,0.016410695,Fossil-fueled Development - Taking the Highway
SSP5 - 2.6,2070,-0.00691458,Fossil-fueled Development - Taking the Highway
SSP5 - 2.6,2080,-0.01613774,Fossil-fueled Development - Taking the Highway
SSP5 - 2.6,2090,-0.019786175,Fossil-fueled Development - Taking the Highway
SSP5 - 2.6,2100,-0.019459173,Fossil-fueled Development - Taking the Highway
SSP5 - 3.4,2005,0.621449,Fossil-fueled Development - Taking the Highway
SSP5 - 3.4,2010,0.53773874,Fossil-fueled Development - Taking the Highway
SSP5 - 3.4,2020,0.38812414,Fossil-fueled Development - Taking the Highway
SSP5 - 3.4,2030,0.2698663,Fossil-fueled Development - Taking the Highway
SSP5 - 3.4,2040,0.17014186,Fossil-fueled Development - Taking the Highway
SSP5 - 3.4,2050,0.105292454,Fossil-fueled Development - Taking the Highway
SSP5 - 3.4,2060,0.061509203,Fossil-fueled Development - Taking the Highway
SSP5 - 3.4,2070,0.026557242,Fossil-fueled Development - Taking the Highway
SSP5 - 3.4,2080,0.003852787,Fossil-fueled Development - Taking the Highway
SSP5 - 3.4,2090,-0.010075878,Fossil-fueled Development - Taking the Highway
SSP5 - 3.4,2100,-0.013783422,Fossil-fueled Development - Taking the Highway
SSP5 - 4.5,2005,0.621449,Fossil-fueled Development - Taking the Highway
SSP5 - 4.5,2010,0.53773874,Fossil-fueled Development - Taking the Highway
SSP5 - 4.5,2020,0.38805172,Fossil-fueled Development - Taking the Highway
SSP5 - 4.5,2030,0.272493,Fossil-fueled Development - Taking the Highway
SSP5 - 4.5,2040,0.17941651,Fossil-fueled Development - Taking the Highway
SSP5 - 4.5,2050,0.12094117,Fossil-fueled Development - Taking the Highway
SSP5 - 4.5,2060,0.07966436,Fossil-fueled Development - Taking the Highway
SSP5 - 4.5,2070,0.050004076,Fossil-fueled Development - Taking the Highway
SSP5 - 4.5,2080,0.032719906,Fossil-fueled Development - Taking the Highway
SSP5 - 4.5,2090,0.019886829,Fossil-fueled Development - Taking the Highway
SSP5 - 4.5,2100,0.015672596,Fossil-fueled Development - Taking the Highway
SSP5 - 6.0,2005,0.621449,Fossil-fueled Development - Taking the Highway
SSP5 - 6.0,2010,0.53773874,Fossil-fueled Development - Taking the Highway
SSP5 - 6.0,2020,0.38822728,Fossil-fueled Development - Taking the Highway
SSP5 - 6.0,2030,0.28921396,Fossil-fueled Development - Taking the Highway
SSP5 - 6.0,2040,0.2110443,Fossil-fueled Development - Taking the Highway
SSP5 - 6.0,2050,0.16109934,Fossil-fueled Development - Taking the Highway
SSP5 - 6.0,2060,0.124819525,Fossil-fueled Development - Taking the Highway
SSP5 - 6.0,2070,0.092736885,Fossil-fueled Development - Taking the Highway
SSP5 - 6.0,2080,0.069318525,Fossil-fueled Development - Taking the Highway
SSP5 - 6.0,2090,0.05076552,Fossil-fueled Development - Taking the Highway
SSP5 - 6.0,2100,0.040165555,Fossil-fueled Development - Taking the Highway
SSP5 - Baseline,2005,0.62232566,Fossil-fueled Development - Taking the Highway
SSP5 - Baseline,2010,0.5382733,Fossil-fueled Development - Taking the Highway
SSP5 - Baseline,2020,0.43778595,Fossil-fueled Development - Taking the Highway
SSP5 - Baseline,2030,0.34213784,Fossil-fueled Development - Taking the Highway
SSP5 - Baseline,2040,0.26849198,Fossil-fueled Development - Taking the Highway
SSP5 - Baseline,2050,0.23152308,Fossil-fueled Development - Taking the Highway
SSP5 - Baseline,2060,0.21179514,Fossil-fueled Development - Taking the Highway
SSP5 - Baseline,2070,0.19395812,Fossil-fueled Development - Taking the Highway
SSP5 - Baseline,2080,0.17485735,Fossil-fueled Development - Taking the Highway
SSP5 - Baseline,2090,0.14779274,Fossil-fueled Development - Taking the Highway
SSP5 - Baseline,2100,0.12230619,Fossil-fueled Development - Taking the Highway