Entity,Year,Economic consumption per capita - Region: global,Economic consumption per capita - Region: global (Annotations)
SSP1 - 1.9,2005,5287.7188,Sustainability - Taking the Green Road
SSP1 - 1.9,2010,5842.846,Sustainability - Taking the Green Road
SSP1 - 1.9,2020,8017.0645,Sustainability - Taking the Green Road
SSP1 - 1.9,2030,11685.99,Sustainability - Taking the Green Road
SSP1 - 1.9,2040,16318.044,Sustainability - Taking the Green Road
SSP1 - 1.9,2050,21221.875,Sustainability - Taking the Green Road
SSP1 - 1.9,2060,26007.328,Sustainability - Taking the Green Road
SSP1 - 1.9,2070,31302.463,Sustainability - Taking the Green Road
SSP1 - 1.9,2080,37003.46,Sustainability - Taking the Green Road
SSP1 - 1.9,2090,43418.785,Sustainability - Taking the Green Road
SSP1 - 1.9,2100,50603.027,Sustainability - Taking the Green Road
SSP1 - 2.6,2005,5287.7188,Sustainability - Taking the Green Road
SSP1 - 2.6,2010,5842.846,Sustainability - Taking the Green Road
SSP1 - 2.6,2020,8017.0645,Sustainability - Taking the Green Road
SSP1 - 2.6,2030,11685.99,Sustainability - Taking the Green Road
SSP1 - 2.6,2040,16318.044,Sustainability - Taking the Green Road
SSP1 - 2.6,2050,21221.875,Sustainability - Taking the Green Road
SSP1 - 2.6,2060,26007.328,Sustainability - Taking the Green Road
SSP1 - 2.6,2070,31302.463,Sustainability - Taking the Green Road
SSP1 - 2.6,2080,37003.46,Sustainability - Taking the Green Road
SSP1 - 2.6,2090,43418.785,Sustainability - Taking the Green Road
SSP1 - 2.6,2100,50603.027,Sustainability - Taking the Green Road
SSP1 - 3.4,2005,5287.7188,Sustainability - Taking the Green Road
SSP1 - 3.4,2010,5842.846,Sustainability - Taking the Green Road
SSP1 - 3.4,2020,8017.0645,Sustainability - Taking the Green Road
SSP1 - 3.4,2030,11685.99,Sustainability - Taking the Green Road
SSP1 - 3.4,2040,16318.044,Sustainability - Taking the Green Road
SSP1 - 3.4,2050,21221.875,Sustainability - Taking the Green Road
SSP1 - 3.4,2060,26007.328,Sustainability - Taking the Green Road
SSP1 - 3.4,2070,31302.463,Sustainability - Taking the Green Road
SSP1 - 3.4,2080,37003.46,Sustainability - Taking the Green Road
SSP1 - 3.4,2090,43418.785,Sustainability - Taking the Green Road
SSP1 - 3.4,2100,50603.027,Sustainability - Taking the Green Road
SSP1 - 4.5,2005,5287.7188,Sustainability - Taking the Green Road
SSP1 - 4.5,2010,5842.846,Sustainability - Taking the Green Road
SSP1 - 4.5,2020,8017.0645,Sustainability - Taking the Green Road
SSP1 - 4.5,2030,11685.99,Sustainability - Taking the Green Road
SSP1 - 4.5,2040,16318.044,Sustainability - Taking the Green Road
SSP1 - 4.5,2050,21221.875,Sustainability - Taking the Green Road
SSP1 - 4.5,2060,26007.328,Sustainability - Taking the Green Road
SSP1 - 4.5,2070,31302.463,Sustainability - Taking the Green Road
SSP1 - 4.5,2080,37003.46,Sustainability - Taking the Green Road
SSP1 - 4.5,2090,43418.785,Sustainability - Taking the Green Road
SSP1 - 4.5,2100,50603.027,Sustainability - Taking the Green Road
SSP1 - Baseline,2005,5287.7188,Sustainability - Taking the Green Road
SSP1 - Baseline,2010,5842.846,Sustainability - Taking the Green Road
SSP1 - Baseline,2020,8017.0645,Sustainability - Taking the Green Road
SSP1 - Baseline,2030,11685.99,Sustainability - Taking the Green Road
SSP1 - Baseline,2040,16318.044,Sustainability - Taking the Green Road
SSP1 - Baseline,2050,21221.875,Sustainability - Taking the Green Road
SSP1 - Baseline,2060,26007.328,Sustainability - Taking the Green Road
SSP1 - Baseline,2070,31302.463,Sustainability - Taking the Green Road
SSP1 - Baseline,2080,37003.46,Sustainability - Taking the Green Road
SSP1 - Baseline,2090,43418.785,Sustainability - Taking the Green Road
SSP1 - Baseline,2100,50603.027,Sustainability - Taking the Green Road
SSP2 - 1.9,2005,4499.383,Middle of the Road
SSP2 - 1.9,2010,5239.9688,Middle of the Road
SSP2 - 1.9,2020,6732.211,Middle of the Road
SSP2 - 1.9,2030,10016.558,Middle of the Road
SSP2 - 1.9,2040,13034.327,Middle of the Road
SSP2 - 1.9,2050,16318.792,Middle of the Road
SSP2 - 1.9,2060,20259.986,Middle of the Road
SSP2 - 1.9,2070,25365.174,Middle of the Road
SSP2 - 1.9,2080,31574.816,Middle of the Road
SSP2 - 1.9,2090,39556.375,Middle of the Road
SSP2 - 1.9,2100,47741.57,Middle of the Road
SSP2 - 2.6,2005,4499.383,Middle of the Road
SSP2 - 2.6,2010,5237.582,Middle of the Road
SSP2 - 2.6,2020,6717.1895,Middle of the Road
SSP2 - 2.6,2030,10011.874,Middle of the Road
SSP2 - 2.6,2040,13161.32,Middle of the Road
SSP2 - 2.6,2050,16615.484,Middle of the Road
SSP2 - 2.6,2060,20675.727,Middle of the Road
SSP2 - 2.6,2070,25870.857,Middle of the Road
SSP2 - 2.6,2080,32203.799,Middle of the Road
SSP2 - 2.6,2090,40374.09,Middle of the Road
SSP2 - 2.6,2100,49038.664,Middle of the Road
SSP2 - 3.4,2005,4499.383,Middle of the Road
SSP2 - 3.4,2010,5236.3447,Middle of the Road
SSP2 - 3.4,2020,6715.6353,Middle of the Road
SSP2 - 3.4,2030,10017.877,Middle of the Road
SSP2 - 3.4,2040,13194.915,Middle of the Road
SSP2 - 3.4,2050,16696.734,Middle of the Road
SSP2 - 3.4,2060,20791.65,Middle of the Road
SSP2 - 3.4,2070,26058.754,Middle of the Road
SSP2 - 3.4,2080,32473.355,Middle of the Road
SSP2 - 3.4,2090,40706.42,Middle of the Road
SSP2 - 3.4,2100,49573.88,Middle of the Road
SSP2 - 4.5,2005,4499.383,Middle of the Road
SSP2 - 4.5,2010,5235.96,Middle of the Road
SSP2 - 4.5,2020,6715.307,Middle of the Road
SSP2 - 4.5,2030,10016.521,Middle of the Road
SSP2 - 4.5,2040,13204.235,Middle of the Road
SSP2 - 4.5,2050,16722.375,Middle of the Road
SSP2 - 4.5,2060,20846.238,Middle of the Road
SSP2 - 4.5,2070,26145.283,Middle of the Road
SSP2 - 4.5,2080,32605.02,Middle of the Road
SSP2 - 4.5,2090,40889.07,Middle of the Road
SSP2 - 4.5,2100,49832.77,Middle of the Road
SSP2 - 6.0,2005,4499.383,Middle of the Road
SSP2 - 6.0,2010,5235.758,Middle of the Road
SSP2 - 6.0,2020,6714.8184,Middle of the Road
SSP2 - 6.0,2030,10012.491,Middle of the Road
SSP2 - 6.0,2040,13205.544,Middle of the Road
SSP2 - 6.0,2050,16732.53,Middle of the Road
SSP2 - 6.0,2060,20864.822,Middle of the Road
SSP2 - 6.0,2070,26178.994,Middle of the Road
SSP2 - 6.0,2080,32680.973,Middle of the Road
SSP2 - 6.0,2090,41039.125,Middle of the Road
SSP2 - 6.0,2100,50056.188,Middle of the Road
SSP2 - Baseline,2005,4499.383,Middle of the Road
SSP2 - Baseline,2010,5234.8623,Middle of the Road
SSP2 - Baseline,2020,6713.662,Middle of the Road
SSP2 - Baseline,2030,10011.607,Middle of the Road
SSP2 - Baseline,2040,13207.638,Middle of the Road
SSP2 - Baseline,2050,16733.805,Middle of the Road
SSP2 - Baseline,2060,20868.414,Middle of the Road
SSP2 - Baseline,2070,26179.49,Middle of the Road
SSP2 - Baseline,2080,32691.367,Middle of the Road
SSP2 - Baseline,2090,41056.78,Middle of the Road
SSP2 - Baseline,2100,50104.492,Middle of the Road
SSP3 - 3.4,2005,5208.629,Regional Rivalry - A Rocky Road
SSP3 - 3.4,2010,5468.496,Regional Rivalry - A Rocky Road
SSP3 - 3.4,2020,6641.204,Regional Rivalry - A Rocky Road
SSP3 - 3.4,2030,7462.2886,Regional Rivalry - A Rocky Road
SSP3 - 3.4,2040,7663.83,Regional Rivalry - A Rocky Road
SSP3 - 3.4,2050,7680.9272,Regional Rivalry - A Rocky Road
SSP3 - 3.4,2060,7654.8667,Regional Rivalry - A Rocky Road
SSP3 - 3.4,2070,7657.209,Regional Rivalry - A Rocky Road
SSP3 - 3.4,2080,7632.232,Regional Rivalry - A Rocky Road
SSP3 - 3.4,2090,7607.7773,Regional Rivalry - A Rocky Road
SSP3 - 3.4,2100,7654.994,Regional Rivalry - A Rocky Road
SSP3 - 4.5,2005,5208.629,Regional Rivalry - A Rocky Road
SSP3 - 4.5,2010,5468.496,Regional Rivalry - A Rocky Road
SSP3 - 4.5,2020,6641.204,Regional Rivalry - A Rocky Road
SSP3 - 4.5,2030,7481.556,Regional Rivalry - A Rocky Road
SSP3 - 4.5,2040,7790.58,Regional Rivalry - A Rocky Road
SSP3 - 4.5,2050,7844.66,Regional Rivalry - A Rocky Road
SSP3 - 4.5,2060,7784.9854,Regional Rivalry - A Rocky Road
SSP3 - 4.5,2070,7839.9106,Regional Rivalry - A Rocky Road
SSP3 - 4.5,2080,7888.3516,Regional Rivalry - A Rocky Road
SSP3 - 4.5,2090,7918.3755,Regional Rivalry - A Rocky Road
SSP3 - 4.5,2100,7962.038,Regional Rivalry - A Rocky Road
SSP3 - 6.0,2005,5208.629,Regional Rivalry - A Rocky Road
SSP3 - 6.0,2010,5468.496,Regional Rivalry - A Rocky Road
SSP3 - 6.0,2020,6641.204,Regional Rivalry - A Rocky Road
SSP3 - 6.0,2030,7482.6685,Regional Rivalry - A Rocky Road
SSP3 - 6.0,2040,7831.1694,Regional Rivalry - A Rocky Road
SSP3 - 6.0,2050,7932.4927,Regional Rivalry - A Rocky Road
SSP3 - 6.0,2060,7981.9575,Regional Rivalry - A Rocky Road
SSP3 - 6.0,2070,8066.167,Regional Rivalry - A Rocky Road
SSP3 - 6.0,2080,8125.5557,Regional Rivalry - A Rocky Road
SSP3 - 6.0,2090,8211.324,Regional Rivalry - A Rocky Road
SSP3 - 6.0,2100,8359.974,Regional Rivalry - A Rocky Road
SSP3 - Baseline,2005,5208.629,Regional Rivalry - A Rocky Road
SSP3 - Baseline,2010,5468.3403,Regional Rivalry - A Rocky Road
SSP3 - Baseline,2020,6643.5454,Regional Rivalry - A Rocky Road
SSP3 - Baseline,2030,7495.6333,Regional Rivalry - A Rocky Road
SSP3 - Baseline,2040,7888.3228,Regional Rivalry - A Rocky Road
SSP3 - Baseline,2050,8030.021,Regional Rivalry - A Rocky Road
SSP3 - Baseline,2060,8095.1016,Regional Rivalry - A Rocky Road
SSP3 - Baseline,2070,8221.4795,Regional Rivalry - A Rocky Road
SSP3 - Baseline,2080,8337.472,Regional Rivalry - A Rocky Road
SSP3 - Baseline,2090,8473.564,Regional Rivalry - A Rocky Road
SSP3 - Baseline,2100,8670.668,Regional Rivalry - A Rocky Road
SSP5 - 1.9,2005,4562.644,Fossil-fueled Development - Taking the Highway
SSP5 - 1.9,2010,4779.5186,Fossil-fueled Development - Taking the Highway
SSP5 - 1.9,2020,6238.0117,Fossil-fueled Development - Taking the Highway
SSP5 - 1.9,2030,8602.663,Fossil-fueled Development - Taking the Highway
SSP5 - 1.9,2040,11989.967,Fossil-fueled Development - Taking the Highway
SSP5 - 1.9,2050,16183.322,Fossil-fueled Development - Taking the Highway
SSP5 - 1.9,2060,21530.24,Fossil-fueled Development - Taking the Highway
SSP5 - 1.9,2070,26477.193,Fossil-fueled Development - Taking the Highway
SSP5 - 1.9,2080,34770.27,Fossil-fueled Development - Taking the Highway
SSP5 - 1.9,2090,43764.094,Fossil-fueled Development - Taking the Highway
SSP5 - 1.9,2100,54632.797,Fossil-fueled Development - Taking the Highway
SSP5 - 2.6,2005,4562.644,Fossil-fueled Development - Taking the Highway
SSP5 - 2.6,2010,4779.5186,Fossil-fueled Development - Taking the Highway
SSP5 - 2.6,2020,6238.0117,Fossil-fueled Development - Taking the Highway
SSP5 - 2.6,2030,8741.0625,Fossil-fueled Development - Taking the Highway
SSP5 - 2.6,2040,12574.019,Fossil-fueled Development - Taking the Highway
SSP5 - 2.6,2050,17174.506,Fossil-fueled Development - Taking the Highway
SSP5 - 2.6,2060,22601.727,Fossil-fueled Development - Taking the Highway
SSP5 - 2.6,2070,27671.516,Fossil-fueled Development - Taking the Highway
SSP5 - 2.6,2080,36136.406,Fossil-fueled Development - Taking the Highway
SSP5 - 2.6,2090,45118.246,Fossil-fueled Development - Taking the Highway
SSP5 - 2.6,2100,56029.77,Fossil-fueled Development - Taking the Highway
SSP5 - 3.4,2005,4562.644,Fossil-fueled Development - Taking the Highway
SSP5 - 3.4,2010,4779.5186,Fossil-fueled Development - Taking the Highway
SSP5 - 3.4,2020,6238.0117,Fossil-fueled Development - Taking the Highway
SSP5 - 3.4,2030,8755.364,Fossil-fueled Development - Taking the Highway
SSP5 - 3.4,2040,12683.087,Fossil-fueled Development - Taking the Highway
SSP5 - 3.4,2050,17478.645,Fossil-fueled Development - Taking the Highway
SSP5 - 3.4,2060,23078.953,Fossil-fueled Development - Taking the Highway
SSP5 - 3.4,2070,28227.318,Fossil-fueled Development - Taking the Highway
SSP5 - 3.4,2080,36794.54,Fossil-fueled Development - Taking the Highway
SSP5 - 3.4,2090,45999.266,Fossil-fueled Development - Taking the Highway
SSP5 - 3.4,2100,57033.44,Fossil-fueled Development - Taking the Highway
SSP5 - 4.5,2005,4562.644,Fossil-fueled Development - Taking the Highway
SSP5 - 4.5,2010,4779.5186,Fossil-fueled Development - Taking the Highway
SSP5 - 4.5,2020,6238.0117,Fossil-fueled Development - Taking the Highway
SSP5 - 4.5,2030,8761.629,Fossil-fueled Development - Taking the Highway
SSP5 - 4.5,2040,12719.239,Fossil-fueled Development - Taking the Highway
SSP5 - 4.5,2050,17596.93,Fossil-fueled Development - Taking the Highway
SSP5 - 4.5,2060,23348.068,Fossil-fueled Development - Taking the Highway
SSP5 - 4.5,2070,28665.14,Fossil-fueled Development - Taking the Highway
SSP5 - 4.5,2080,37538.67,Fossil-fueled Development - Taking the Highway
SSP5 - 4.5,2090,47148.375,Fossil-fueled Development - Taking the Highway
SSP5 - 4.5,2100,58687.56,Fossil-fueled Development - Taking the Highway
SSP5 - 6.0,2005,4562.644,Fossil-fueled Development - Taking the Highway
SSP5 - 6.0,2010,4779.5186,Fossil-fueled Development - Taking the Highway
SSP5 - 6.0,2020,6238.0117,Fossil-fueled Development - Taking the Highway
SSP5 - 6.0,2030,8770.579,Fossil-fueled Development - Taking the Highway
SSP5 - 6.0,2040,12792.262,Fossil-fueled Development - Taking the Highway
SSP5 - 6.0,2050,17774.084,Fossil-fueled Development - Taking the Highway
SSP5 - 6.0,2060,23643.047,Fossil-fueled Development - Taking the Highway
SSP5 - 6.0,2070,29048.209,Fossil-fueled Development - Taking the Highway
SSP5 - 6.0,2080,37993.957,Fossil-fueled Development - Taking the Highway
SSP5 - 6.0,2090,47585.07,Fossil-fueled Development - Taking the Highway
SSP5 - 6.0,2100,59163.59,Fossil-fueled Development - Taking the Highway
SSP5 - Baseline,2005,4562.644,Fossil-fueled Development - Taking the Highway
SSP5 - Baseline,2010,4779.5186,Fossil-fueled Development - Taking the Highway
SSP5 - Baseline,2020,6236.7583,Fossil-fueled Development - Taking the Highway
SSP5 - Baseline,2030,8765.831,Fossil-fueled Development - Taking the Highway
SSP5 - Baseline,2040,12816.852,Fossil-fueled Development - Taking the Highway
SSP5 - Baseline,2050,17869.215,Fossil-fueled Development - Taking the Highway
SSP5 - Baseline,2060,23856.096,Fossil-fueled Development - Taking the Highway
SSP5 - Baseline,2070,29372.117,Fossil-fueled Development - Taking the Highway
SSP5 - Baseline,2080,38463.414,Fossil-fueled Development - Taking the Highway
SSP5 - Baseline,2090,48129.23,Fossil-fueled Development - Taking the Highway
SSP5 - Baseline,2100,59647.457,Fossil-fueled Development - Taking the Highway